node,gpu,ncomp_per_neuron,n_neurons,total_comps,n_steps,mode,rep,wall_s
inf03,NVIDIA A100-PCIE-40GB,16,100,1600,200,cpu,1,0.135807
inf03,NVIDIA A100-PCIE-40GB,16,100,1600,200,cpu,2,0.133551
inf03,NVIDIA A100-PCIE-40GB,16,100,1600,200,cpu,3,0.134126
inf03,NVIDIA A100-PCIE-40GB,16,100,1600,200,cpu,4,0.134332
inf03,NVIDIA A100-PCIE-40GB,16,100,1600,200,cpu,5,0.133250
inf03,NVIDIA A100-PCIE-40GB,16,100,1600,200,cpu,6,0.133330
inf03,NVIDIA A100-PCIE-40GB,16,100,1600,200,cpu,7,0.133036
inf03,NVIDIA A100-PCIE-40GB,16,100,1600,200,cpu,8,0.133830
inf03,NVIDIA A100-PCIE-40GB,16,100,1600,200,cpu,9,0.133492
inf03,NVIDIA A100-PCIE-40GB,16,100,1600,200,cpu,10,0.133684
inf03,NVIDIA A100-PCIE-40GB,16,100,1600,200,gpu,1,0.230660
inf03,NVIDIA A100-PCIE-40GB,16,100,1600,200,gpu,2,0.226936
inf03,NVIDIA A100-PCIE-40GB,16,100,1600,200,gpu,3,0.226591
inf03,NVIDIA A100-PCIE-40GB,16,100,1600,200,gpu,4,0.214394
inf03,NVIDIA A100-PCIE-40GB,16,100,1600,200,gpu,5,0.223341
inf03,NVIDIA A100-PCIE-40GB,16,100,1600,200,gpu,6,0.211276
inf03,NVIDIA A100-PCIE-40GB,16,100,1600,200,gpu,7,0.225018
inf03,NVIDIA A100-PCIE-40GB,16,100,1600,200,gpu,8,0.211676
inf03,NVIDIA A100-PCIE-40GB,16,100,1600,200,gpu,9,0.213207
inf03,NVIDIA A100-PCIE-40GB,16,100,1600,200,gpu,10,0.212075
inf03,NVIDIA A100-PCIE-40GB,16,500,8000,200,cpu,1,0.268608
inf03,NVIDIA A100-PCIE-40GB,16,500,8000,200,cpu,2,0.260851
inf03,NVIDIA A100-PCIE-40GB,16,500,8000,200,cpu,3,0.274844
inf03,NVIDIA A100-PCIE-40GB,16,500,8000,200,cpu,4,0.261013
inf03,NVIDIA A100-PCIE-40GB,16,500,8000,200,cpu,5,0.274340
inf03,NVIDIA A100-PCIE-40GB,16,500,8000,200,cpu,6,0.268406
inf03,NVIDIA A100-PCIE-40GB,16,500,8000,200,cpu,7,0.275303
inf03,NVIDIA A100-PCIE-40GB,16,500,8000,200,cpu,8,0.274648
inf03,NVIDIA A100-PCIE-40GB,16,500,8000,200,cpu,9,0.261822
inf03,NVIDIA A100-PCIE-40GB,16,500,8000,200,cpu,10,0.261630
inf03,NVIDIA A100-PCIE-40GB,16,500,8000,200,gpu,1,0.261905
inf03,NVIDIA A100-PCIE-40GB,16,500,8000,200,gpu,2,0.258936
inf03,NVIDIA A100-PCIE-40GB,16,500,8000,200,gpu,3,0.245464
inf03,NVIDIA A100-PCIE-40GB,16,500,8000,200,gpu,4,0.259268
inf03,NVIDIA A100-PCIE-40GB,16,500,8000,200,gpu,5,0.249989
inf03,NVIDIA A100-PCIE-40GB,16,500,8000,200,gpu,6,0.259575
inf03,NVIDIA A100-PCIE-40GB,16,500,8000,200,gpu,7,0.257766
inf03,NVIDIA A100-PCIE-40GB,16,500,8000,200,gpu,8,0.255936
inf03,NVIDIA A100-PCIE-40GB,16,500,8000,200,gpu,9,0.260103
inf03,NVIDIA A100-PCIE-40GB,16,500,8000,200,gpu,10,0.264245
inf03,NVIDIA A100-PCIE-40GB,16,1000,16000,200,cpu,1,0.458151
inf03,NVIDIA A100-PCIE-40GB,16,1000,16000,200,cpu,2,0.430308
inf03,NVIDIA A100-PCIE-40GB,16,1000,16000,200,cpu,3,0.456238
inf03,NVIDIA A100-PCIE-40GB,16,1000,16000,200,cpu,4,0.435376
inf03,NVIDIA A100-PCIE-40GB,16,1000,16000,200,cpu,5,0.453475
inf03,NVIDIA A100-PCIE-40GB,16,1000,16000,200,cpu,6,0.443748
inf03,NVIDIA A100-PCIE-40GB,16,1000,16000,200,cpu,7,0.456605
inf03,NVIDIA A100-PCIE-40GB,16,1000,16000,200,cpu,8,0.441326
inf03,NVIDIA A100-PCIE-40GB,16,1000,16000,200,cpu,9,0.431577
inf03,NVIDIA A100-PCIE-40GB,16,1000,16000,200,cpu,10,0.452208
inf03,NVIDIA A100-PCIE-40GB,16,1000,16000,200,gpu,1,0.306661
inf03,NVIDIA A100-PCIE-40GB,16,1000,16000,200,gpu,2,0.311121
inf03,NVIDIA A100-PCIE-40GB,16,1000,16000,200,gpu,3,0.305473
inf03,NVIDIA A100-PCIE-40GB,16,1000,16000,200,gpu,4,0.313826
inf03,NVIDIA A100-PCIE-40GB,16,1000,16000,200,gpu,5,0.300376
inf03,NVIDIA A100-PCIE-40GB,16,1000,16000,200,gpu,6,0.299135
inf03,NVIDIA A100-PCIE-40GB,16,1000,16000,200,gpu,7,0.299968
inf03,NVIDIA A100-PCIE-40GB,16,1000,16000,200,gpu,8,0.312912
inf03,NVIDIA A100-PCIE-40GB,16,1000,16000,200,gpu,9,0.300687
inf03,NVIDIA A100-PCIE-40GB,16,1000,16000,200,gpu,10,0.300420
inf03,NVIDIA A100-PCIE-40GB,16,2000,32000,200,cpu,1,0.762234
inf03,NVIDIA A100-PCIE-40GB,16,2000,32000,200,cpu,2,0.809214
inf03,NVIDIA A100-PCIE-40GB,16,2000,32000,200,cpu,3,0.807151
inf03,NVIDIA A100-PCIE-40GB,16,2000,32000,200,cpu,4,0.813155
inf03,NVIDIA A100-PCIE-40GB,16,2000,32000,200,cpu,5,0.754371
inf03,NVIDIA A100-PCIE-40GB,16,2000,32000,200,cpu,6,0.784797
inf03,NVIDIA A100-PCIE-40GB,16,2000,32000,200,cpu,7,0.758032
inf03,NVIDIA A100-PCIE-40GB,16,2000,32000,200,cpu,8,0.785147
inf03,NVIDIA A100-PCIE-40GB,16,2000,32000,200,cpu,9,0.759040
inf03,NVIDIA A100-PCIE-40GB,16,2000,32000,200,cpu,10,0.760852
inf03,NVIDIA A100-PCIE-40GB,16,2000,32000,200,gpu,1,0.499862
inf03,NVIDIA A100-PCIE-40GB,16,2000,32000,200,gpu,2,0.499498
inf03,NVIDIA A100-PCIE-40GB,16,2000,32000,200,gpu,3,0.494567
inf03,NVIDIA A100-PCIE-40GB,16,2000,32000,200,gpu,4,0.496407
inf03,NVIDIA A100-PCIE-40GB,16,2000,32000,200,gpu,5,0.491607
inf03,NVIDIA A100-PCIE-40GB,16,2000,32000,200,gpu,6,0.494080
inf03,NVIDIA A100-PCIE-40GB,16,2000,32000,200,gpu,7,0.496852
inf03,NVIDIA A100-PCIE-40GB,16,2000,32000,200,gpu,8,0.491938
inf03,NVIDIA A100-PCIE-40GB,16,2000,32000,200,gpu,9,0.493157
inf03,NVIDIA A100-PCIE-40GB,16,2000,32000,200,gpu,10,0.494358
inf03,NVIDIA A100-PCIE-40GB,16,3000,48000,200,cpu,1,1.184758
inf03,NVIDIA A100-PCIE-40GB,16,3000,48000,200,cpu,2,1.248355
inf03,NVIDIA A100-PCIE-40GB,16,3000,48000,200,cpu,3,1.183884
inf03,NVIDIA A100-PCIE-40GB,16,3000,48000,200,cpu,4,1.172012
inf03,NVIDIA A100-PCIE-40GB,16,3000,48000,200,cpu,5,1.202258
inf03,NVIDIA A100-PCIE-40GB,16,3000,48000,200,cpu,6,1.213607
inf03,NVIDIA A100-PCIE-40GB,16,3000,48000,200,cpu,7,1.207106
inf03,NVIDIA A100-PCIE-40GB,16,3000,48000,200,cpu,8,1.244015
inf03,NVIDIA A100-PCIE-40GB,16,3000,48000,200,cpu,9,1.184816
inf03,NVIDIA A100-PCIE-40GB,16,3000,48000,200,cpu,10,1.207133
inf03,NVIDIA A100-PCIE-40GB,16,3000,48000,200,gpu,1,0.641436
inf03,NVIDIA A100-PCIE-40GB,16,3000,48000,200,gpu,2,0.634251
inf03,NVIDIA A100-PCIE-40GB,16,3000,48000,200,gpu,3,0.639541
inf03,NVIDIA A100-PCIE-40GB,16,3000,48000,200,gpu,4,0.638958
inf03,NVIDIA A100-PCIE-40GB,16,3000,48000,200,gpu,5,0.623174
inf03,NVIDIA A100-PCIE-40GB,16,3000,48000,200,gpu,6,0.633014
inf03,NVIDIA A100-PCIE-40GB,16,3000,48000,200,gpu,7,0.645409
inf03,NVIDIA A100-PCIE-40GB,16,3000,48000,200,gpu,8,0.638668
inf03,NVIDIA A100-PCIE-40GB,16,3000,48000,200,gpu,9,0.637117
inf03,NVIDIA A100-PCIE-40GB,16,3000,48000,200,gpu,10,0.632796
inf03,NVIDIA A100-PCIE-40GB,16,5000,80000,200,cpu,1,2.564685
inf03,NVIDIA A100-PCIE-40GB,16,5000,80000,200,cpu,2,2.552126
inf03,NVIDIA A100-PCIE-40GB,16,5000,80000,200,cpu,3,2.532983
inf03,NVIDIA A100-PCIE-40GB,16,5000,80000,200,cpu,4,2.594600
inf03,NVIDIA A100-PCIE-40GB,16,5000,80000,200,cpu,5,2.591352
inf03,NVIDIA A100-PCIE-40GB,16,5000,80000,200,cpu,6,2.560883
inf03,NVIDIA A100-PCIE-40GB,16,5000,80000,200,cpu,7,2.554893
inf03,NVIDIA A100-PCIE-40GB,16,5000,80000,200,cpu,8,2.547053
inf03,NVIDIA A100-PCIE-40GB,16,5000,80000,200,cpu,9,2.545105
inf03,NVIDIA A100-PCIE-40GB,16,5000,80000,200,cpu,10,2.536087
inf03,NVIDIA A100-PCIE-40GB,16,5000,80000,200,gpu,1,0.966934
inf03,NVIDIA A100-PCIE-40GB,16,5000,80000,200,gpu,2,0.969293
inf03,NVIDIA A100-PCIE-40GB,16,5000,80000,200,gpu,3,0.956317
inf03,NVIDIA A100-PCIE-40GB,16,5000,80000,200,gpu,4,0.971588
inf03,NVIDIA A100-PCIE-40GB,16,5000,80000,200,gpu,5,0.968446
inf03,NVIDIA A100-PCIE-40GB,16,5000,80000,200,gpu,6,0.964279
inf03,NVIDIA A100-PCIE-40GB,16,5000,80000,200,gpu,7,0.966046
inf03,NVIDIA A100-PCIE-40GB,16,5000,80000,200,gpu,8,0.948397
inf03,NVIDIA A100-PCIE-40GB,16,5000,80000,200,gpu,9,0.962772
inf03,NVIDIA A100-PCIE-40GB,16,5000,80000,200,gpu,10,0.948884
inf03,NVIDIA A100-PCIE-40GB,16,7000,112000,200,cpu,1,3.895360
inf03,NVIDIA A100-PCIE-40GB,16,7000,112000,200,cpu,2,3.927629
inf03,NVIDIA A100-PCIE-40GB,16,7000,112000,200,cpu,3,3.935312
inf03,NVIDIA A100-PCIE-40GB,16,7000,112000,200,cpu,4,3.883726
inf03,NVIDIA A100-PCIE-40GB,16,7000,112000,200,cpu,5,3.862445
inf03,NVIDIA A100-PCIE-40GB,16,7000,112000,200,cpu,6,3.868116
inf03,NVIDIA A100-PCIE-40GB,16,7000,112000,200,cpu,7,3.904468
inf03,NVIDIA A100-PCIE-40GB,16,7000,112000,200,cpu,8,3.880964
inf03,NVIDIA A100-PCIE-40GB,16,7000,112000,200,cpu,9,3.868512
inf03,NVIDIA A100-PCIE-40GB,16,7000,112000,200,cpu,10,3.932810
inf03,NVIDIA A100-PCIE-40GB,16,7000,112000,200,gpu,1,1.267946
inf03,NVIDIA A100-PCIE-40GB,16,7000,112000,200,gpu,2,1.262178
inf03,NVIDIA A100-PCIE-40GB,16,7000,112000,200,gpu,3,1.267752
inf03,NVIDIA A100-PCIE-40GB,16,7000,112000,200,gpu,4,1.264220
inf03,NVIDIA A100-PCIE-40GB,16,7000,112000,200,gpu,5,1.261784
inf03,NVIDIA A100-PCIE-40GB,16,7000,112000,200,gpu,6,1.270053
inf03,NVIDIA A100-PCIE-40GB,16,7000,112000,200,gpu,7,1.254516
inf03,NVIDIA A100-PCIE-40GB,16,7000,112000,200,gpu,8,1.271900
inf03,NVIDIA A100-PCIE-40GB,16,7000,112000,200,gpu,9,1.284828
inf03,NVIDIA A100-PCIE-40GB,16,7000,112000,200,gpu,10,1.263030
inf03,NVIDIA A100-PCIE-40GB,16,10000,160000,200,cpu,1,6.188190
inf03,NVIDIA A100-PCIE-40GB,16,10000,160000,200,cpu,2,6.296718
inf03,NVIDIA A100-PCIE-40GB,16,10000,160000,200,cpu,3,6.281546
inf03,NVIDIA A100-PCIE-40GB,16,10000,160000,200,cpu,4,6.313539
inf03,NVIDIA A100-PCIE-40GB,16,10000,160000,200,cpu,5,6.131672
inf03,NVIDIA A100-PCIE-40GB,16,10000,160000,200,cpu,6,6.130584
inf03,NVIDIA A100-PCIE-40GB,16,10000,160000,200,cpu,7,6.275972
inf03,NVIDIA A100-PCIE-40GB,16,10000,160000,200,cpu,8,6.301067
inf03,NVIDIA A100-PCIE-40GB,16,10000,160000,200,cpu,9,6.243208
inf03,NVIDIA A100-PCIE-40GB,16,10000,160000,200,cpu,10,6.154032
inf03,NVIDIA A100-PCIE-40GB,16,10000,160000,200,gpu,1,1.929203
inf03,NVIDIA A100-PCIE-40GB,16,10000,160000,200,gpu,2,1.920798
inf03,NVIDIA A100-PCIE-40GB,16,10000,160000,200,gpu,3,1.937251
inf03,NVIDIA A100-PCIE-40GB,16,10000,160000,200,gpu,4,1.946820
inf03,NVIDIA A100-PCIE-40GB,16,10000,160000,200,gpu,5,1.933497
inf03,NVIDIA A100-PCIE-40GB,16,10000,160000,200,gpu,6,1.917301
inf03,NVIDIA A100-PCIE-40GB,16,10000,160000,200,gpu,7,1.917446
inf03,NVIDIA A100-PCIE-40GB,16,10000,160000,200,gpu,8,1.918999
inf03,NVIDIA A100-PCIE-40GB,16,10000,160000,200,gpu,9,1.919889
inf03,NVIDIA A100-PCIE-40GB,16,10000,160000,200,gpu,10,1.932955
inf03,NVIDIA A100-PCIE-40GB,16,15000,240000,200,cpu,1,9.429701
inf03,NVIDIA A100-PCIE-40GB,16,15000,240000,200,cpu,2,9.462727
inf03,NVIDIA A100-PCIE-40GB,16,15000,240000,200,cpu,3,9.592231
inf03,NVIDIA A100-PCIE-40GB,16,15000,240000,200,cpu,4,9.435638
inf03,NVIDIA A100-PCIE-40GB,16,15000,240000,200,cpu,5,9.574206
inf03,NVIDIA A100-PCIE-40GB,16,15000,240000,200,cpu,6,9.566253
inf03,NVIDIA A100-PCIE-40GB,16,15000,240000,200,cpu,7,9.473822
inf03,NVIDIA A100-PCIE-40GB,16,15000,240000,200,cpu,8,9.580739
inf03,NVIDIA A100-PCIE-40GB,16,15000,240000,200,cpu,9,9.463923
inf03,NVIDIA A100-PCIE-40GB,16,15000,240000,200,cpu,10,9.449341
inf03,NVIDIA A100-PCIE-40GB,16,15000,240000,200,gpu,1,2.692690
inf03,NVIDIA A100-PCIE-40GB,16,15000,240000,200,gpu,2,2.680805
inf03,NVIDIA A100-PCIE-40GB,16,15000,240000,200,gpu,3,2.702257
inf03,NVIDIA A100-PCIE-40GB,16,15000,240000,200,gpu,4,2.701181
inf03,NVIDIA A100-PCIE-40GB,16,15000,240000,200,gpu,5,2.704920
inf03,NVIDIA A100-PCIE-40GB,16,15000,240000,200,gpu,6,2.712940
inf03,NVIDIA A100-PCIE-40GB,16,15000,240000,200,gpu,7,2.700879
inf03,NVIDIA A100-PCIE-40GB,16,15000,240000,200,gpu,8,2.702086
inf03,NVIDIA A100-PCIE-40GB,16,15000,240000,200,gpu,9,2.715838
inf03,NVIDIA A100-PCIE-40GB,16,15000,240000,200,gpu,10,2.685129
inf03,NVIDIA A100-PCIE-40GB,16,20000,320000,200,cpu,1,12.761308
inf03,NVIDIA A100-PCIE-40GB,16,20000,320000,200,cpu,2,12.948026
inf03,NVIDIA A100-PCIE-40GB,16,20000,320000,200,cpu,3,12.808930
inf03,NVIDIA A100-PCIE-40GB,16,20000,320000,200,cpu,4,12.782982
inf03,NVIDIA A100-PCIE-40GB,16,20000,320000,200,cpu,5,12.688877
inf03,NVIDIA A100-PCIE-40GB,16,20000,320000,200,cpu,6,12.819139
inf03,NVIDIA A100-PCIE-40GB,16,20000,320000,200,cpu,7,12.912567
inf03,NVIDIA A100-PCIE-40GB,16,20000,320000,200,cpu,8,12.827840
inf03,NVIDIA A100-PCIE-40GB,16,20000,320000,200,cpu,9,12.652605
inf03,NVIDIA A100-PCIE-40GB,16,20000,320000,200,cpu,10,12.662683
inf03,NVIDIA A100-PCIE-40GB,16,20000,320000,200,gpu,1,3.480849
inf03,NVIDIA A100-PCIE-40GB,16,20000,320000,200,gpu,2,3.471475
inf03,NVIDIA A100-PCIE-40GB,16,20000,320000,200,gpu,3,3.443549
inf03,NVIDIA A100-PCIE-40GB,16,20000,320000,200,gpu,4,3.414389
inf03,NVIDIA A100-PCIE-40GB,16,20000,320000,200,gpu,5,3.427093
inf03,NVIDIA A100-PCIE-40GB,16,20000,320000,200,gpu,6,3.441964
inf03,NVIDIA A100-PCIE-40GB,16,20000,320000,200,gpu,7,3.419959
inf03,NVIDIA A100-PCIE-40GB,16,20000,320000,200,gpu,8,3.444568
inf03,NVIDIA A100-PCIE-40GB,16,20000,320000,200,gpu,9,3.474776
inf03,NVIDIA A100-PCIE-40GB,16,20000,320000,200,gpu,10,3.433860
inf03,NVIDIA A100-PCIE-40GB,16,30000,480000,200,cpu,1,18.994183
inf03,NVIDIA A100-PCIE-40GB,16,30000,480000,200,cpu,2,18.992800
inf03,NVIDIA A100-PCIE-40GB,16,30000,480000,200,cpu,3,19.394540
inf03,NVIDIA A100-PCIE-40GB,16,30000,480000,200,cpu,4,18.905764
inf03,NVIDIA A100-PCIE-40GB,16,30000,480000,200,cpu,5,18.999967
inf03,NVIDIA A100-PCIE-40GB,16,30000,480000,200,cpu,6,19.214434
inf03,NVIDIA A100-PCIE-40GB,16,30000,480000,200,cpu,7,18.952097
inf03,NVIDIA A100-PCIE-40GB,16,30000,480000,200,cpu,8,19.439581
inf03,NVIDIA A100-PCIE-40GB,16,30000,480000,200,cpu,9,19.431923
inf03,NVIDIA A100-PCIE-40GB,16,30000,480000,200,cpu,10,19.146616
inf03,NVIDIA A100-PCIE-40GB,16,30000,480000,200,gpu,1,4.886719
inf03,NVIDIA A100-PCIE-40GB,16,30000,480000,200,gpu,2,4.930360
inf03,NVIDIA A100-PCIE-40GB,16,30000,480000,200,gpu,3,4.974384
inf03,NVIDIA A100-PCIE-40GB,16,30000,480000,200,gpu,4,4.948574
inf03,NVIDIA A100-PCIE-40GB,16,30000,480000,200,gpu,5,4.967990
inf03,NVIDIA A100-PCIE-40GB,16,30000,480000,200,gpu,6,4.951577
inf03,NVIDIA A100-PCIE-40GB,16,30000,480000,200,gpu,7,4.930620
inf03,NVIDIA A100-PCIE-40GB,16,30000,480000,200,gpu,8,4.957462
inf03,NVIDIA A100-PCIE-40GB,16,30000,480000,200,gpu,9,4.981598
inf03,NVIDIA A100-PCIE-40GB,16,30000,480000,200,gpu,10,4.899860
inf03,NVIDIA A100-PCIE-40GB,16,40000,640000,200,cpu,1,25.597651
inf03,NVIDIA A100-PCIE-40GB,16,40000,640000,200,cpu,2,25.582081
inf03,NVIDIA A100-PCIE-40GB,16,40000,640000,200,cpu,3,25.244231
inf03,NVIDIA A100-PCIE-40GB,16,40000,640000,200,cpu,4,25.572128
inf03,NVIDIA A100-PCIE-40GB,16,40000,640000,200,cpu,5,25.624191
inf03,NVIDIA A100-PCIE-40GB,16,40000,640000,200,cpu,6,25.281842
inf03,NVIDIA A100-PCIE-40GB,16,40000,640000,200,cpu,7,25.247204
inf03,NVIDIA A100-PCIE-40GB,16,40000,640000,200,cpu,8,24.996040
inf03,NVIDIA A100-PCIE-40GB,16,40000,640000,200,cpu,9,25.301730
inf03,NVIDIA A100-PCIE-40GB,16,40000,640000,200,cpu,10,25.302752
inf03,NVIDIA A100-PCIE-40GB,16,40000,640000,200,gpu,1,6.433255
inf03,NVIDIA A100-PCIE-40GB,16,40000,640000,200,gpu,2,6.502377
inf03,NVIDIA A100-PCIE-40GB,16,40000,640000,200,gpu,3,6.556657
inf03,NVIDIA A100-PCIE-40GB,16,40000,640000,200,gpu,4,6.556461
inf03,NVIDIA A100-PCIE-40GB,16,40000,640000,200,gpu,5,6.532319
inf03,NVIDIA A100-PCIE-40GB,16,40000,640000,200,gpu,6,6.500385
inf03,NVIDIA A100-PCIE-40GB,16,40000,640000,200,gpu,7,6.438335
inf03,NVIDIA A100-PCIE-40GB,16,40000,640000,200,gpu,8,6.499229
inf03,NVIDIA A100-PCIE-40GB,16,40000,640000,200,gpu,9,6.431363
inf03,NVIDIA A100-PCIE-40GB,16,40000,640000,200,gpu,10,6.562383
inf03,NVIDIA A100-PCIE-40GB,16,50000,800000,200,cpu,1,31.807270
inf03,NVIDIA A100-PCIE-40GB,16,50000,800000,200,cpu,2,31.272900
inf03,NVIDIA A100-PCIE-40GB,16,50000,800000,200,cpu,3,31.001699
inf03,NVIDIA A100-PCIE-40GB,16,50000,800000,200,cpu,4,31.001068
inf03,NVIDIA A100-PCIE-40GB,16,50000,800000,200,cpu,5,31.847491
inf03,NVIDIA A100-PCIE-40GB,16,50000,800000,200,cpu,6,30.990683
inf03,NVIDIA A100-PCIE-40GB,16,50000,800000,200,cpu,7,31.468804
inf03,NVIDIA A100-PCIE-40GB,16,50000,800000,200,cpu,8,31.828200
inf03,NVIDIA A100-PCIE-40GB,16,50000,800000,200,cpu,9,31.827775
inf03,NVIDIA A100-PCIE-40GB,16,50000,800000,200,cpu,10,31.775898
inf03,NVIDIA A100-PCIE-40GB,16,50000,800000,200,gpu,1,8.149269
inf03,NVIDIA A100-PCIE-40GB,16,50000,800000,200,gpu,2,8.217457
inf03,NVIDIA A100-PCIE-40GB,16,50000,800000,200,gpu,3,8.188073
inf03,NVIDIA A100-PCIE-40GB,16,50000,800000,200,gpu,4,7.877123
inf03,NVIDIA A100-PCIE-40GB,16,50000,800000,200,gpu,5,7.990445
inf03,NVIDIA A100-PCIE-40GB,16,50000,800000,200,gpu,6,8.031536
inf03,NVIDIA A100-PCIE-40GB,16,50000,800000,200,gpu,7,7.930065
inf03,NVIDIA A100-PCIE-40GB,16,50000,800000,200,gpu,8,8.027635
inf03,NVIDIA A100-PCIE-40GB,16,50000,800000,200,gpu,9,8.043189
inf03,NVIDIA A100-PCIE-40GB,16,50000,800000,200,gpu,10,8.190040
