node,gpu,topology,ncomp_per_neuron,n_neurons,total_comps,mode,rep,t_per_step_s
WarsawIQ_RTX4090,NVIDIA GeForce RTX 4090,linear-chain,16,100,1600,CPU,1,6.369745714e-05
WarsawIQ_RTX4090,NVIDIA GeForce RTX 4090,linear-chain,16,100,1600,GPU,1,0.0007963665185
WarsawIQ_RTX4090,NVIDIA GeForce RTX 4090,branching-4x4,17,100,1700,CPU,1,6.053766147e-05
WarsawIQ_RTX4090,NVIDIA GeForce RTX 4090,branching-4x4,17,100,1700,GPU,1,0.0006355239522
WarsawIQ_RTX4090,NVIDIA GeForce RTX 4090,linear-chain,16,500,8000,CPU,1,0.0003444768843
WarsawIQ_RTX4090,NVIDIA GeForce RTX 4090,linear-chain,16,500,8000,GPU,1,0.0006286792102
WarsawIQ_RTX4090,NVIDIA GeForce RTX 4090,branching-4x4,17,500,8500,CPU,1,0.0003363646922
WarsawIQ_RTX4090,NVIDIA GeForce RTX 4090,branching-4x4,17,500,8500,GPU,1,0.000652204312
WarsawIQ_RTX4090,NVIDIA GeForce RTX 4090,linear-chain,16,1000,16000,CPU,1,0.0006985141408
WarsawIQ_RTX4090,NVIDIA GeForce RTX 4090,linear-chain,16,1000,16000,GPU,1,0.0007414944825
WarsawIQ_RTX4090,NVIDIA GeForce RTX 4090,branching-4x4,17,1000,17000,CPU,1,0.0006742326986
WarsawIQ_RTX4090,NVIDIA GeForce RTX 4090,branching-4x4,17,1000,17000,GPU,1,0.0006600095403
WarsawIQ_RTX4090,NVIDIA GeForce RTX 4090,linear-chain,16,2000,32000,CPU,1,0.001758895176
WarsawIQ_RTX4090,NVIDIA GeForce RTX 4090,linear-chain,16,2000,32000,GPU,1,0.000713487821
WarsawIQ_RTX4090,NVIDIA GeForce RTX 4090,branching-4x4,17,2000,34000,CPU,1,0.00249635861
WarsawIQ_RTX4090,NVIDIA GeForce RTX 4090,branching-4x4,17,2000,34000,GPU,1,0.0006998242367
WarsawIQ_RTX4090,NVIDIA GeForce RTX 4090,linear-chain,16,3000,48000,CPU,1,0.005449630533
WarsawIQ_RTX4090,NVIDIA GeForce RTX 4090,linear-chain,16,3000,48000,GPU,1,0.0007974973747
WarsawIQ_RTX4090,NVIDIA GeForce RTX 4090,branching-4x4,17,3000,51000,CPU,1,0.005849563508
WarsawIQ_RTX4090,NVIDIA GeForce RTX 4090,branching-4x4,17,3000,51000,GPU,1,0.0007928158556
WarsawIQ_RTX4090,NVIDIA GeForce RTX 4090,linear-chain,16,5000,80000,CPU,1,0.0127542214
WarsawIQ_RTX4090,NVIDIA GeForce RTX 4090,linear-chain,16,5000,80000,GPU,1,0.001596671749
WarsawIQ_RTX4090,NVIDIA GeForce RTX 4090,branching-4x4,17,5000,85000,CPU,1,0.01337874478
WarsawIQ_RTX4090,NVIDIA GeForce RTX 4090,branching-4x4,17,5000,85000,GPU,1,0.001555591822
WarsawIQ_RTX4090,NVIDIA GeForce RTX 4090,linear-chain,16,7000,112000,CPU,1,0.01869710142
WarsawIQ_RTX4090,NVIDIA GeForce RTX 4090,linear-chain,16,7000,112000,GPU,1,0.001625400782
WarsawIQ_RTX4090,NVIDIA GeForce RTX 4090,branching-4x4,17,7000,119000,CPU,1,0.01921418147
WarsawIQ_RTX4090,NVIDIA GeForce RTX 4090,branching-4x4,17,7000,119000,GPU,1,0.001558949595
WarsawIQ_RTX4090,NVIDIA GeForce RTX 4090,linear-chain,16,10000,160000,CPU,1,0.02694524201
WarsawIQ_RTX4090,NVIDIA GeForce RTX 4090,linear-chain,16,10000,160000,GPU,1,0.001622403752
WarsawIQ_RTX4090,NVIDIA GeForce RTX 4090,branching-4x4,17,10000,170000,CPU,1,0.02830648856
WarsawIQ_RTX4090,NVIDIA GeForce RTX 4090,branching-4x4,17,10000,170000,GPU,1,0.001693911038
WarsawIQ_RTX4090,NVIDIA GeForce RTX 4090,linear-chain,16,15000,240000,CPU,1,0.0410609332
WarsawIQ_RTX4090,NVIDIA GeForce RTX 4090,linear-chain,16,15000,240000,GPU,1,0.001743099635
WarsawIQ_RTX4090,NVIDIA GeForce RTX 4090,branching-4x4,17,15000,255000,CPU,1,0.04335920594
WarsawIQ_RTX4090,NVIDIA GeForce RTX 4090,branching-4x4,17,15000,255000,GPU,1,0.001760021665
WarsawIQ_RTX4090,NVIDIA GeForce RTX 4090,linear-chain,16,20000,320000,CPU,1,0.0560935584
WarsawIQ_RTX4090,NVIDIA GeForce RTX 4090,linear-chain,16,20000,320000,GPU,1,0.001817871901
WarsawIQ_RTX4090,NVIDIA GeForce RTX 4090,branching-4x4,17,20000,340000,CPU,1,0.05798326839
WarsawIQ_RTX4090,NVIDIA GeForce RTX 4090,branching-4x4,17,20000,340000,GPU,1,0.001840383085
WarsawIQ_RTX4090,NVIDIA GeForce RTX 4090,linear-chain,16,30000,480000,CPU,1,0.08461862911
WarsawIQ_RTX4090,NVIDIA GeForce RTX 4090,linear-chain,16,30000,480000,GPU,1,0.001991902563
WarsawIQ_RTX4090,NVIDIA GeForce RTX 4090,branching-4x4,17,30000,510000,CPU,1,0.09074813669
WarsawIQ_RTX4090,NVIDIA GeForce RTX 4090,branching-4x4,17,30000,510000,GPU,1,0.001988424496
WarsawIQ_RTX4090,NVIDIA GeForce RTX 4090,linear-chain,16,40000,640000,CPU,1,0.1149367766
WarsawIQ_RTX4090,NVIDIA GeForce RTX 4090,linear-chain,16,40000,640000,GPU,1,0.002220719104
WarsawIQ_RTX4090,NVIDIA GeForce RTX 4090,branching-4x4,17,40000,680000,CPU,1,0.1203634782
WarsawIQ_RTX4090,NVIDIA GeForce RTX 4090,branching-4x4,17,40000,680000,GPU,1,0.002290132642
WarsawIQ_RTX4090,NVIDIA GeForce RTX 4090,linear-chain,16,50000,800000,CPU,1,0.1446313164
WarsawIQ_RTX4090,NVIDIA GeForce RTX 4090,linear-chain,16,50000,800000,GPU,1,0.002397905155
WarsawIQ_RTX4090,NVIDIA GeForce RTX 4090,branching-4x4,17,50000,850000,CPU,1,0.1498592897
WarsawIQ_RTX4090,NVIDIA GeForce RTX 4090,branching-4x4,17,50000,850000,GPU,1,0.002463687279
WarsawIQ_RTX4090,NVIDIA GeForce RTX 4090,linear-chain,16,100,1600,CPU,2,6.369746157e-05
WarsawIQ_RTX4090,NVIDIA GeForce RTX 4090,linear-chain,16,100,1600,GPU,2,0.0006943742434
WarsawIQ_RTX4090,NVIDIA GeForce RTX 4090,branching-4x4,17,100,1700,CPU,2,9.758193933e-05
WarsawIQ_RTX4090,NVIDIA GeForce RTX 4090,branching-4x4,17,100,1700,GPU,2,0.0006505378655
WarsawIQ_RTX4090,NVIDIA GeForce RTX 4090,linear-chain,16,500,8000,CPU,2,0.00034644994
WarsawIQ_RTX4090,NVIDIA GeForce RTX 4090,linear-chain,16,500,8000,GPU,2,0.0006738246197
WarsawIQ_RTX4090,NVIDIA GeForce RTX 4090,branching-4x4,17,500,8500,CPU,2,0.0003338389099
WarsawIQ_RTX4090,NVIDIA GeForce RTX 4090,branching-4x4,17,500,8500,GPU,2,0.0006357369678
WarsawIQ_RTX4090,NVIDIA GeForce RTX 4090,linear-chain,16,1000,16000,CPU,2,0.0007023551634
WarsawIQ_RTX4090,NVIDIA GeForce RTX 4090,linear-chain,16,1000,16000,GPU,2,0.000631958672
WarsawIQ_RTX4090,NVIDIA GeForce RTX 4090,branching-4x4,17,1000,17000,CPU,2,0.0006740076911
WarsawIQ_RTX4090,NVIDIA GeForce RTX 4090,branching-4x4,17,1000,17000,GPU,2,0.0006418431799
WarsawIQ_RTX4090,NVIDIA GeForce RTX 4090,linear-chain,16,2000,32000,CPU,2,0.001847210243
WarsawIQ_RTX4090,NVIDIA GeForce RTX 4090,linear-chain,16,2000,32000,GPU,2,0.0007191545907
WarsawIQ_RTX4090,NVIDIA GeForce RTX 4090,branching-4x4,17,2000,34000,CPU,2,0.002075630994
WarsawIQ_RTX4090,NVIDIA GeForce RTX 4090,branching-4x4,17,2000,34000,GPU,2,0.0007660440036
WarsawIQ_RTX4090,NVIDIA GeForce RTX 4090,linear-chain,16,3000,48000,CPU,2,0.005809951964
WarsawIQ_RTX4090,NVIDIA GeForce RTX 4090,linear-chain,16,3000,48000,GPU,2,0.0007993366037
WarsawIQ_RTX4090,NVIDIA GeForce RTX 4090,branching-4x4,17,3000,51000,CPU,2,0.006622328645
WarsawIQ_RTX4090,NVIDIA GeForce RTX 4090,branching-4x4,17,3000,51000,GPU,2,0.0008209268962
WarsawIQ_RTX4090,NVIDIA GeForce RTX 4090,linear-chain,16,5000,80000,CPU,2,0.01280178157
WarsawIQ_RTX4090,NVIDIA GeForce RTX 4090,linear-chain,16,5000,80000,GPU,2,0.001633726467
WarsawIQ_RTX4090,NVIDIA GeForce RTX 4090,branching-4x4,17,5000,85000,CPU,2,0.01351946917
WarsawIQ_RTX4090,NVIDIA GeForce RTX 4090,branching-4x4,17,5000,85000,GPU,2,0.001605435529
WarsawIQ_RTX4090,NVIDIA GeForce RTX 4090,linear-chain,16,7000,112000,CPU,2,0.01830371293
WarsawIQ_RTX4090,NVIDIA GeForce RTX 4090,linear-chain,16,7000,112000,GPU,2,0.001628789306
WarsawIQ_RTX4090,NVIDIA GeForce RTX 4090,branching-4x4,17,7000,119000,CPU,2,0.01962238875
WarsawIQ_RTX4090,NVIDIA GeForce RTX 4090,branching-4x4,17,7000,119000,GPU,2,0.001605300334
WarsawIQ_RTX4090,NVIDIA GeForce RTX 4090,linear-chain,16,10000,160000,CPU,2,0.02721085115
WarsawIQ_RTX4090,NVIDIA GeForce RTX 4090,linear-chain,16,10000,160000,GPU,2,0.001721423323
WarsawIQ_RTX4090,NVIDIA GeForce RTX 4090,branching-4x4,17,10000,170000,CPU,2,0.02836423787
WarsawIQ_RTX4090,NVIDIA GeForce RTX 4090,branching-4x4,17,10000,170000,GPU,2,0.001699167761
WarsawIQ_RTX4090,NVIDIA GeForce RTX 4090,linear-chain,16,15000,240000,CPU,2,0.04169659181
WarsawIQ_RTX4090,NVIDIA GeForce RTX 4090,linear-chain,16,15000,240000,GPU,2,0.001754262502
WarsawIQ_RTX4090,NVIDIA GeForce RTX 4090,branching-4x4,17,15000,255000,CPU,2,0.04317023537
WarsawIQ_RTX4090,NVIDIA GeForce RTX 4090,branching-4x4,17,15000,255000,GPU,2,0.001802906394
WarsawIQ_RTX4090,NVIDIA GeForce RTX 4090,linear-chain,16,20000,320000,CPU,2,0.05738602552
WarsawIQ_RTX4090,NVIDIA GeForce RTX 4090,linear-chain,16,20000,320000,GPU,2,0.00185020268
WarsawIQ_RTX4090,NVIDIA GeForce RTX 4090,branching-4x4,17,20000,340000,CPU,2,0.05938516964
WarsawIQ_RTX4090,NVIDIA GeForce RTX 4090,branching-4x4,17,20000,340000,GPU,2,0.001884948124
WarsawIQ_RTX4090,NVIDIA GeForce RTX 4090,linear-chain,16,30000,480000,CPU,2,0.09021949768
WarsawIQ_RTX4090,NVIDIA GeForce RTX 4090,linear-chain,16,30000,480000,GPU,2,0.002021944116
WarsawIQ_RTX4090,NVIDIA GeForce RTX 4090,branching-4x4,17,30000,510000,CPU,2,0.08989374854
WarsawIQ_RTX4090,NVIDIA GeForce RTX 4090,branching-4x4,17,30000,510000,GPU,2,0.001945272088
WarsawIQ_RTX4090,NVIDIA GeForce RTX 4090,linear-chain,16,40000,640000,CPU,2,0.1156605721
WarsawIQ_RTX4090,NVIDIA GeForce RTX 4090,linear-chain,16,40000,640000,GPU,2,0.002192723887
WarsawIQ_RTX4090,NVIDIA GeForce RTX 4090,branching-4x4,17,40000,680000,CPU,2,0.121402229
WarsawIQ_RTX4090,NVIDIA GeForce RTX 4090,branching-4x4,17,40000,680000,GPU,2,0.002168394625
WarsawIQ_RTX4090,NVIDIA GeForce RTX 4090,linear-chain,16,50000,800000,CPU,2,0.1457238978
WarsawIQ_RTX4090,NVIDIA GeForce RTX 4090,linear-chain,16,50000,800000,GPU,2,0.002320762656
WarsawIQ_RTX4090,NVIDIA GeForce RTX 4090,branching-4x4,17,50000,850000,CPU,2,0.1538002188
WarsawIQ_RTX4090,NVIDIA GeForce RTX 4090,branching-4x4,17,50000,850000,GPU,2,0.002421997623
WarsawIQ_RTX4090,NVIDIA GeForce RTX 4090,linear-chain,16,100,1600,CPU,3,6.459614794e-05
WarsawIQ_RTX4090,NVIDIA GeForce RTX 4090,linear-chain,16,100,1600,GPU,3,0.0006459089972
WarsawIQ_RTX4090,NVIDIA GeForce RTX 4090,branching-4x4,17,100,1700,CPU,3,6.090936118e-05
WarsawIQ_RTX4090,NVIDIA GeForce RTX 4090,branching-4x4,17,100,1700,GPU,3,0.0006662786717
WarsawIQ_RTX4090,NVIDIA GeForce RTX 4090,linear-chain,16,500,8000,CPU,3,0.0003455907106
WarsawIQ_RTX4090,NVIDIA GeForce RTX 4090,linear-chain,16,500,8000,GPU,3,0.000646659519
WarsawIQ_RTX4090,NVIDIA GeForce RTX 4090,branching-4x4,17,500,8500,CPU,3,0.0003372625226
WarsawIQ_RTX4090,NVIDIA GeForce RTX 4090,branching-4x4,17,500,8500,GPU,3,0.000675933063
WarsawIQ_RTX4090,NVIDIA GeForce RTX 4090,linear-chain,16,1000,16000,CPU,3,0.0006942511314
WarsawIQ_RTX4090,NVIDIA GeForce RTX 4090,linear-chain,16,1000,16000,GPU,3,0.0006776882779
WarsawIQ_RTX4090,NVIDIA GeForce RTX 4090,branching-4x4,17,1000,17000,CPU,3,0.0006776669905
WarsawIQ_RTX4090,NVIDIA GeForce RTX 4090,branching-4x4,17,1000,17000,GPU,3,0.0006486483983
WarsawIQ_RTX4090,NVIDIA GeForce RTX 4090,linear-chain,16,2000,32000,CPU,3,0.001801899501
WarsawIQ_RTX4090,NVIDIA GeForce RTX 4090,linear-chain,16,2000,32000,GPU,3,0.0007940652825
WarsawIQ_RTX4090,NVIDIA GeForce RTX 4090,branching-4x4,17,2000,34000,CPU,3,0.001939120463
WarsawIQ_RTX4090,NVIDIA GeForce RTX 4090,branching-4x4,17,2000,34000,GPU,3,0.0007380269823
WarsawIQ_RTX4090,NVIDIA GeForce RTX 4090,linear-chain,16,3000,48000,CPU,3,0.005530451025
WarsawIQ_RTX4090,NVIDIA GeForce RTX 4090,linear-chain,16,3000,48000,GPU,3,0.0008521847782
WarsawIQ_RTX4090,NVIDIA GeForce RTX 4090,branching-4x4,17,3000,51000,CPU,3,0.006135277521
WarsawIQ_RTX4090,NVIDIA GeForce RTX 4090,branching-4x4,17,3000,51000,GPU,3,0.0008165142366
WarsawIQ_RTX4090,NVIDIA GeForce RTX 4090,linear-chain,16,5000,80000,CPU,3,0.0126500845
WarsawIQ_RTX4090,NVIDIA GeForce RTX 4090,linear-chain,16,5000,80000,GPU,3,0.001521921564
WarsawIQ_RTX4090,NVIDIA GeForce RTX 4090,branching-4x4,17,5000,85000,CPU,3,0.01343231743
WarsawIQ_RTX4090,NVIDIA GeForce RTX 4090,branching-4x4,17,5000,85000,GPU,3,0.00158300901
WarsawIQ_RTX4090,NVIDIA GeForce RTX 4090,linear-chain,16,7000,112000,CPU,3,0.01871557236
WarsawIQ_RTX4090,NVIDIA GeForce RTX 4090,linear-chain,16,7000,112000,GPU,3,0.001565748182
WarsawIQ_RTX4090,NVIDIA GeForce RTX 4090,branching-4x4,17,7000,119000,CPU,3,0.01952421665
WarsawIQ_RTX4090,NVIDIA GeForce RTX 4090,branching-4x4,17,7000,119000,GPU,3,0.001565994864
WarsawIQ_RTX4090,NVIDIA GeForce RTX 4090,linear-chain,16,10000,160000,CPU,3,0.02794417468
WarsawIQ_RTX4090,NVIDIA GeForce RTX 4090,linear-chain,16,10000,160000,GPU,3,0.001667360149
WarsawIQ_RTX4090,NVIDIA GeForce RTX 4090,branching-4x4,17,10000,170000,CPU,3,0.02836622975
WarsawIQ_RTX4090,NVIDIA GeForce RTX 4090,branching-4x4,17,10000,170000,GPU,3,0.001620112089
WarsawIQ_RTX4090,NVIDIA GeForce RTX 4090,linear-chain,16,15000,240000,CPU,3,0.04139526107
WarsawIQ_RTX4090,NVIDIA GeForce RTX 4090,linear-chain,16,15000,240000,GPU,3,0.001780591092
WarsawIQ_RTX4090,NVIDIA GeForce RTX 4090,branching-4x4,17,15000,255000,CPU,3,0.04485884146
WarsawIQ_RTX4090,NVIDIA GeForce RTX 4090,branching-4x4,17,15000,255000,GPU,3,0.001800071245
WarsawIQ_RTX4090,NVIDIA GeForce RTX 4090,linear-chain,16,20000,320000,CPU,3,0.05639232289
WarsawIQ_RTX4090,NVIDIA GeForce RTX 4090,linear-chain,16,20000,320000,GPU,3,0.001812387326
WarsawIQ_RTX4090,NVIDIA GeForce RTX 4090,branching-4x4,17,20000,340000,CPU,3,0.06088915305
WarsawIQ_RTX4090,NVIDIA GeForce RTX 4090,branching-4x4,17,20000,340000,GPU,3,0.00192352005
WarsawIQ_RTX4090,NVIDIA GeForce RTX 4090,linear-chain,16,30000,480000,CPU,3,0.08731021881
WarsawIQ_RTX4090,NVIDIA GeForce RTX 4090,linear-chain,16,30000,480000,GPU,3,0.002020821788
WarsawIQ_RTX4090,NVIDIA GeForce RTX 4090,branching-4x4,17,30000,510000,CPU,3,0.09108395143
WarsawIQ_RTX4090,NVIDIA GeForce RTX 4090,branching-4x4,17,30000,510000,GPU,3,0.001980728588
WarsawIQ_RTX4090,NVIDIA GeForce RTX 4090,linear-chain,16,40000,640000,CPU,3,0.1174787001
WarsawIQ_RTX4090,NVIDIA GeForce RTX 4090,linear-chain,16,40000,640000,GPU,3,0.002256369455
WarsawIQ_RTX4090,NVIDIA GeForce RTX 4090,branching-4x4,17,40000,680000,CPU,3,0.121174925
WarsawIQ_RTX4090,NVIDIA GeForce RTX 4090,branching-4x4,17,40000,680000,GPU,3,0.002298334783
WarsawIQ_RTX4090,NVIDIA GeForce RTX 4090,linear-chain,16,50000,800000,CPU,3,0.1480555448
WarsawIQ_RTX4090,NVIDIA GeForce RTX 4090,linear-chain,16,50000,800000,GPU,3,0.002390541001
WarsawIQ_RTX4090,NVIDIA GeForce RTX 4090,branching-4x4,17,50000,850000,CPU,3,0.1509545933
WarsawIQ_RTX4090,NVIDIA GeForce RTX 4090,branching-4x4,17,50000,850000,GPU,3,0.002483032508
WarsawIQ_RTX4090,NVIDIA GeForce RTX 4090,linear-chain,16,100,1600,CPU,4,6.392440271e-05
WarsawIQ_RTX4090,NVIDIA GeForce RTX 4090,linear-chain,16,100,1600,GPU,4,0.0006370595523
WarsawIQ_RTX4090,NVIDIA GeForce RTX 4090,branching-4x4,17,100,1700,CPU,4,6.126259409e-05
WarsawIQ_RTX4090,NVIDIA GeForce RTX 4090,branching-4x4,17,100,1700,GPU,4,0.0006605347707
WarsawIQ_RTX4090,NVIDIA GeForce RTX 4090,linear-chain,16,500,8000,CPU,4,0.0003458873857
WarsawIQ_RTX4090,NVIDIA GeForce RTX 4090,linear-chain,16,500,8000,GPU,4,0.0006787972081
WarsawIQ_RTX4090,NVIDIA GeForce RTX 4090,branching-4x4,17,500,8500,CPU,4,0.0003428114667
WarsawIQ_RTX4090,NVIDIA GeForce RTX 4090,branching-4x4,17,500,8500,GPU,4,0.0006906393028
WarsawIQ_RTX4090,NVIDIA GeForce RTX 4090,linear-chain,16,1000,16000,CPU,4,0.0006998041556
WarsawIQ_RTX4090,NVIDIA GeForce RTX 4090,linear-chain,16,1000,16000,GPU,4,0.0006898120755
WarsawIQ_RTX4090,NVIDIA GeForce RTX 4090,branching-4x4,17,1000,17000,CPU,4,0.0006817948251
WarsawIQ_RTX4090,NVIDIA GeForce RTX 4090,branching-4x4,17,1000,17000,GPU,4,0.0006812158795
WarsawIQ_RTX4090,NVIDIA GeForce RTX 4090,linear-chain,16,2000,32000,CPU,4,0.00241535675
WarsawIQ_RTX4090,NVIDIA GeForce RTX 4090,linear-chain,16,2000,32000,GPU,4,0.0007521288736
WarsawIQ_RTX4090,NVIDIA GeForce RTX 4090,branching-4x4,17,2000,34000,CPU,4,0.002365984945
WarsawIQ_RTX4090,NVIDIA GeForce RTX 4090,branching-4x4,17,2000,34000,GPU,4,0.0007824556459
WarsawIQ_RTX4090,NVIDIA GeForce RTX 4090,linear-chain,16,3000,48000,CPU,4,0.005728846505
WarsawIQ_RTX4090,NVIDIA GeForce RTX 4090,linear-chain,16,3000,48000,GPU,4,0.0008033504798
WarsawIQ_RTX4090,NVIDIA GeForce RTX 4090,branching-4x4,17,3000,51000,CPU,4,0.006389305137
WarsawIQ_RTX4090,NVIDIA GeForce RTX 4090,branching-4x4,17,3000,51000,GPU,4,0.0008028619346
WarsawIQ_RTX4090,NVIDIA GeForce RTX 4090,linear-chain,16,5000,80000,CPU,4,0.01275348555
WarsawIQ_RTX4090,NVIDIA GeForce RTX 4090,linear-chain,16,5000,80000,GPU,4,0.001535894383
WarsawIQ_RTX4090,NVIDIA GeForce RTX 4090,branching-4x4,17,5000,85000,CPU,4,0.01340356957
WarsawIQ_RTX4090,NVIDIA GeForce RTX 4090,branching-4x4,17,5000,85000,GPU,4,0.001664558595
WarsawIQ_RTX4090,NVIDIA GeForce RTX 4090,linear-chain,16,7000,112000,CPU,4,0.01873150522
WarsawIQ_RTX4090,NVIDIA GeForce RTX 4090,linear-chain,16,7000,112000,GPU,4,0.001566211608
WarsawIQ_RTX4090,NVIDIA GeForce RTX 4090,branching-4x4,17,7000,119000,CPU,4,0.01947259469
WarsawIQ_RTX4090,NVIDIA GeForce RTX 4090,branching-4x4,17,7000,119000,GPU,4,0.001570508426
WarsawIQ_RTX4090,NVIDIA GeForce RTX 4090,linear-chain,16,10000,160000,CPU,4,0.0273264148
WarsawIQ_RTX4090,NVIDIA GeForce RTX 4090,linear-chain,16,10000,160000,GPU,4,0.001686651463
WarsawIQ_RTX4090,NVIDIA GeForce RTX 4090,branching-4x4,17,10000,170000,CPU,4,0.02871403261
WarsawIQ_RTX4090,NVIDIA GeForce RTX 4090,branching-4x4,17,10000,170000,GPU,4,0.001609192111
WarsawIQ_RTX4090,NVIDIA GeForce RTX 4090,linear-chain,16,15000,240000,CPU,4,0.04138915756
WarsawIQ_RTX4090,NVIDIA GeForce RTX 4090,linear-chain,16,15000,240000,GPU,4,0.001731330698
WarsawIQ_RTX4090,NVIDIA GeForce RTX 4090,branching-4x4,17,15000,255000,CPU,4,0.04381849549
WarsawIQ_RTX4090,NVIDIA GeForce RTX 4090,branching-4x4,17,15000,255000,GPU,4,0.001750066199
WarsawIQ_RTX4090,NVIDIA GeForce RTX 4090,linear-chain,16,20000,320000,CPU,4,0.05653725537
WarsawIQ_RTX4090,NVIDIA GeForce RTX 4090,linear-chain,16,20000,320000,GPU,4,0.001864287799
WarsawIQ_RTX4090,NVIDIA GeForce RTX 4090,branching-4x4,17,20000,340000,CPU,4,0.0623752594
WarsawIQ_RTX4090,NVIDIA GeForce RTX 4090,branching-4x4,17,20000,340000,GPU,4,0.001811295748
WarsawIQ_RTX4090,NVIDIA GeForce RTX 4090,linear-chain,16,30000,480000,CPU,4,0.0853377689
WarsawIQ_RTX4090,NVIDIA GeForce RTX 4090,linear-chain,16,30000,480000,GPU,4,0.001922323352
WarsawIQ_RTX4090,NVIDIA GeForce RTX 4090,branching-4x4,17,30000,510000,CPU,4,0.08889346556
WarsawIQ_RTX4090,NVIDIA GeForce RTX 4090,branching-4x4,17,30000,510000,GPU,4,0.002079916813
WarsawIQ_RTX4090,NVIDIA GeForce RTX 4090,linear-chain,16,40000,640000,CPU,4,0.1142989592
WarsawIQ_RTX4090,NVIDIA GeForce RTX 4090,linear-chain,16,40000,640000,GPU,4,0.002170256051
WarsawIQ_RTX4090,NVIDIA GeForce RTX 4090,branching-4x4,17,40000,680000,CPU,4,0.1201874646
WarsawIQ_RTX4090,NVIDIA GeForce RTX 4090,branching-4x4,17,40000,680000,GPU,4,0.002224758538
WarsawIQ_RTX4090,NVIDIA GeForce RTX 4090,linear-chain,16,50000,800000,CPU,4,0.1442432837
WarsawIQ_RTX4090,NVIDIA GeForce RTX 4090,linear-chain,16,50000,800000,GPU,4,0.002392568913
WarsawIQ_RTX4090,NVIDIA GeForce RTX 4090,branching-4x4,17,50000,850000,CPU,4,0.1497747941
WarsawIQ_RTX4090,NVIDIA GeForce RTX 4090,branching-4x4,17,50000,850000,GPU,4,0.00247815739
WarsawIQ_RTX4090,NVIDIA GeForce RTX 4090,linear-chain,16,100,1600,CPU,5,6.318401457e-05
WarsawIQ_RTX4090,NVIDIA GeForce RTX 4090,linear-chain,16,100,1600,GPU,5,0.0006595098547
WarsawIQ_RTX4090,NVIDIA GeForce RTX 4090,branching-4x4,17,100,1700,CPU,5,6.265359088e-05
WarsawIQ_RTX4090,NVIDIA GeForce RTX 4090,branching-4x4,17,100,1700,GPU,5,0.0006301517997
WarsawIQ_RTX4090,NVIDIA GeForce RTX 4090,linear-chain,16,500,8000,CPU,5,0.000345373473
WarsawIQ_RTX4090,NVIDIA GeForce RTX 4090,linear-chain,16,500,8000,GPU,5,0.0006312783275
WarsawIQ_RTX4090,NVIDIA GeForce RTX 4090,branching-4x4,17,500,8500,CPU,5,0.0003351602171
WarsawIQ_RTX4090,NVIDIA GeForce RTX 4090,branching-4x4,17,500,8500,GPU,5,0.0006484910136
WarsawIQ_RTX4090,NVIDIA GeForce RTX 4090,linear-chain,16,1000,16000,CPU,5,0.0006969490931
WarsawIQ_RTX4090,NVIDIA GeForce RTX 4090,linear-chain,16,1000,16000,GPU,5,0.0006660928329
WarsawIQ_RTX4090,NVIDIA GeForce RTX 4090,branching-4x4,17,1000,17000,CPU,5,0.0006734984971
WarsawIQ_RTX4090,NVIDIA GeForce RTX 4090,branching-4x4,17,1000,17000,GPU,5,0.0006601102295
WarsawIQ_RTX4090,NVIDIA GeForce RTX 4090,linear-chain,16,2000,32000,CPU,5,0.001795088251
WarsawIQ_RTX4090,NVIDIA GeForce RTX 4090,linear-chain,16,2000,32000,GPU,5,0.0007293318709
WarsawIQ_RTX4090,NVIDIA GeForce RTX 4090,branching-4x4,17,2000,34000,CPU,5,0.001959926316
WarsawIQ_RTX4090,NVIDIA GeForce RTX 4090,branching-4x4,17,2000,34000,GPU,5,0.0007051335204
WarsawIQ_RTX4090,NVIDIA GeForce RTX 4090,linear-chain,16,3000,48000,CPU,5,0.005011416049
WarsawIQ_RTX4090,NVIDIA GeForce RTX 4090,linear-chain,16,3000,48000,GPU,5,0.0007981213785
WarsawIQ_RTX4090,NVIDIA GeForce RTX 4090,branching-4x4,17,3000,51000,CPU,5,0.005763539814
WarsawIQ_RTX4090,NVIDIA GeForce RTX 4090,branching-4x4,17,3000,51000,GPU,5,0.000795736696
WarsawIQ_RTX4090,NVIDIA GeForce RTX 4090,linear-chain,16,5000,80000,CPU,5,0.01270175089
WarsawIQ_RTX4090,NVIDIA GeForce RTX 4090,linear-chain,16,5000,80000,GPU,5,0.00153194842
WarsawIQ_RTX4090,NVIDIA GeForce RTX 4090,branching-4x4,17,5000,85000,CPU,5,0.01340366494
WarsawIQ_RTX4090,NVIDIA GeForce RTX 4090,branching-4x4,17,5000,85000,GPU,5,0.001587674564
WarsawIQ_RTX4090,NVIDIA GeForce RTX 4090,linear-chain,16,7000,112000,CPU,5,0.01857846217
WarsawIQ_RTX4090,NVIDIA GeForce RTX 4090,linear-chain,16,7000,112000,GPU,5,0.00168996521
WarsawIQ_RTX4090,NVIDIA GeForce RTX 4090,branching-4x4,17,7000,119000,CPU,5,0.01932221543
WarsawIQ_RTX4090,NVIDIA GeForce RTX 4090,branching-4x4,17,7000,119000,GPU,5,0.001549533958
WarsawIQ_RTX4090,NVIDIA GeForce RTX 4090,linear-chain,16,10000,160000,CPU,5,0.02719200524
WarsawIQ_RTX4090,NVIDIA GeForce RTX 4090,linear-chain,16,10000,160000,GPU,5,0.001633418148
WarsawIQ_RTX4090,NVIDIA GeForce RTX 4090,branching-4x4,17,10000,170000,CPU,5,0.02824555094
WarsawIQ_RTX4090,NVIDIA GeForce RTX 4090,branching-4x4,17,10000,170000,GPU,5,0.001611277867
WarsawIQ_RTX4090,NVIDIA GeForce RTX 4090,linear-chain,16,15000,240000,CPU,5,0.04169810035
WarsawIQ_RTX4090,NVIDIA GeForce RTX 4090,linear-chain,16,15000,240000,GPU,5,0.001696180214
WarsawIQ_RTX4090,NVIDIA GeForce RTX 4090,branching-4x4,17,15000,255000,CPU,5,0.04359624603
WarsawIQ_RTX4090,NVIDIA GeForce RTX 4090,branching-4x4,17,15000,255000,GPU,5,0.001737441393
WarsawIQ_RTX4090,NVIDIA GeForce RTX 4090,linear-chain,16,20000,320000,CPU,5,0.0572024042
WarsawIQ_RTX4090,NVIDIA GeForce RTX 4090,linear-chain,16,20000,320000,GPU,5,0.001810968329
WarsawIQ_RTX4090,NVIDIA GeForce RTX 4090,branching-4x4,17,20000,340000,CPU,5,0.05866707022
WarsawIQ_RTX4090,NVIDIA GeForce RTX 4090,branching-4x4,17,20000,340000,GPU,5,0.001825618067
WarsawIQ_RTX4090,NVIDIA GeForce RTX 4090,linear-chain,16,30000,480000,CPU,5,0.08574653105
WarsawIQ_RTX4090,NVIDIA GeForce RTX 4090,linear-chain,16,30000,480000,GPU,5,0.002023565634
WarsawIQ_RTX4090,NVIDIA GeForce RTX 4090,branching-4x4,17,30000,510000,CPU,5,0.09007228505
WarsawIQ_RTX4090,NVIDIA GeForce RTX 4090,branching-4x4,17,30000,510000,GPU,5,0.002025415681
WarsawIQ_RTX4090,NVIDIA GeForce RTX 4090,linear-chain,16,40000,640000,CPU,5,0.1134598212
WarsawIQ_RTX4090,NVIDIA GeForce RTX 4090,linear-chain,16,40000,640000,GPU,5,0.002252436091
WarsawIQ_RTX4090,NVIDIA GeForce RTX 4090,branching-4x4,17,40000,680000,CPU,5,0.1219775287
WarsawIQ_RTX4090,NVIDIA GeForce RTX 4090,branching-4x4,17,40000,680000,GPU,5,0.002211870524
WarsawIQ_RTX4090,NVIDIA GeForce RTX 4090,linear-chain,16,50000,800000,CPU,5,0.1448727521
WarsawIQ_RTX4090,NVIDIA GeForce RTX 4090,linear-chain,16,50000,800000,GPU,5,0.002327581698
WarsawIQ_RTX4090,NVIDIA GeForce RTX 4090,branching-4x4,17,50000,850000,CPU,5,0.149957917
WarsawIQ_RTX4090,NVIDIA GeForce RTX 4090,branching-4x4,17,50000,850000,GPU,5,0.002406066656
WarsawIQ_RTX4090,NVIDIA GeForce RTX 4090,linear-chain,16,100,1600,CPU,6,6.337761879e-05
WarsawIQ_RTX4090,NVIDIA GeForce RTX 4090,linear-chain,16,100,1600,GPU,6,0.0006559687711
WarsawIQ_RTX4090,NVIDIA GeForce RTX 4090,branching-4x4,17,100,1700,CPU,6,6.143186862e-05
WarsawIQ_RTX4090,NVIDIA GeForce RTX 4090,branching-4x4,17,100,1700,GPU,6,0.0006269452118
WarsawIQ_RTX4090,NVIDIA GeForce RTX 4090,linear-chain,16,500,8000,CPU,6,0.000343509728
WarsawIQ_RTX4090,NVIDIA GeForce RTX 4090,linear-chain,16,500,8000,GPU,6,0.0006325309475
WarsawIQ_RTX4090,NVIDIA GeForce RTX 4090,branching-4x4,17,500,8500,CPU,6,0.0003352561877
WarsawIQ_RTX4090,NVIDIA GeForce RTX 4090,branching-4x4,17,500,8500,GPU,6,0.0006439139446
WarsawIQ_RTX4090,NVIDIA GeForce RTX 4090,linear-chain,16,1000,16000,CPU,6,0.000708473935
WarsawIQ_RTX4090,NVIDIA GeForce RTX 4090,linear-chain,16,1000,16000,GPU,6,0.0006656567256
WarsawIQ_RTX4090,NVIDIA GeForce RTX 4090,branching-4x4,17,1000,17000,CPU,6,0.0006777320589
WarsawIQ_RTX4090,NVIDIA GeForce RTX 4090,branching-4x4,17,1000,17000,GPU,6,0.0006782755965
WarsawIQ_RTX4090,NVIDIA GeForce RTX 4090,linear-chain,16,2000,32000,CPU,6,0.001746883846
WarsawIQ_RTX4090,NVIDIA GeForce RTX 4090,linear-chain,16,2000,32000,GPU,6,0.0007362595626
WarsawIQ_RTX4090,NVIDIA GeForce RTX 4090,branching-4x4,17,2000,34000,CPU,6,0.001999103455
WarsawIQ_RTX4090,NVIDIA GeForce RTX 4090,branching-4x4,17,2000,34000,GPU,6,0.0007108681259
WarsawIQ_RTX4090,NVIDIA GeForce RTX 4090,linear-chain,16,3000,48000,CPU,6,0.00512332746
WarsawIQ_RTX4090,NVIDIA GeForce RTX 4090,linear-chain,16,3000,48000,GPU,6,0.0007986812364
WarsawIQ_RTX4090,NVIDIA GeForce RTX 4090,branching-4x4,17,3000,51000,CPU,6,0.005698707558
WarsawIQ_RTX4090,NVIDIA GeForce RTX 4090,branching-4x4,17,3000,51000,GPU,6,0.0008449550895
WarsawIQ_RTX4090,NVIDIA GeForce RTX 4090,linear-chain,16,5000,80000,CPU,6,0.01264346188
WarsawIQ_RTX4090,NVIDIA GeForce RTX 4090,linear-chain,16,5000,80000,GPU,6,0.001541824232
WarsawIQ_RTX4090,NVIDIA GeForce RTX 4090,branching-4x4,17,5000,85000,CPU,6,0.01354189027
WarsawIQ_RTX4090,NVIDIA GeForce RTX 4090,branching-4x4,17,5000,85000,GPU,6,0.001564796675
WarsawIQ_RTX4090,NVIDIA GeForce RTX 4090,linear-chain,16,7000,112000,CPU,6,0.01857186014
WarsawIQ_RTX4090,NVIDIA GeForce RTX 4090,linear-chain,16,7000,112000,GPU,6,0.001592289589
WarsawIQ_RTX4090,NVIDIA GeForce RTX 4090,branching-4x4,17,7000,119000,CPU,6,0.01971923655
WarsawIQ_RTX4090,NVIDIA GeForce RTX 4090,branching-4x4,17,7000,119000,GPU,6,0.001556006074
WarsawIQ_RTX4090,NVIDIA GeForce RTX 4090,linear-chain,16,10000,160000,CPU,6,0.02721681595
WarsawIQ_RTX4090,NVIDIA GeForce RTX 4090,linear-chain,16,10000,160000,GPU,6,0.001604572887
WarsawIQ_RTX4090,NVIDIA GeForce RTX 4090,branching-4x4,17,10000,170000,CPU,6,0.02814807458
WarsawIQ_RTX4090,NVIDIA GeForce RTX 4090,branching-4x4,17,10000,170000,GPU,6,0.001635461504
WarsawIQ_RTX4090,NVIDIA GeForce RTX 4090,linear-chain,16,15000,240000,CPU,6,0.04146449349
WarsawIQ_RTX4090,NVIDIA GeForce RTX 4090,linear-chain,16,15000,240000,GPU,6,0.001774512773
WarsawIQ_RTX4090,NVIDIA GeForce RTX 4090,branching-4x4,17,15000,255000,CPU,6,0.04317871874
WarsawIQ_RTX4090,NVIDIA GeForce RTX 4090,branching-4x4,17,15000,255000,GPU,6,0.001779011163
WarsawIQ_RTX4090,NVIDIA GeForce RTX 4090,linear-chain,16,20000,320000,CPU,6,0.05602797595
WarsawIQ_RTX4090,NVIDIA GeForce RTX 4090,linear-chain,16,20000,320000,GPU,6,0.001855230602
WarsawIQ_RTX4090,NVIDIA GeForce RTX 4090,branching-4x4,17,20000,340000,CPU,6,0.05820257013
WarsawIQ_RTX4090,NVIDIA GeForce RTX 4090,branching-4x4,17,20000,340000,GPU,6,0.001798384433
WarsawIQ_RTX4090,NVIDIA GeForce RTX 4090,linear-chain,16,30000,480000,CPU,6,0.08479608189
WarsawIQ_RTX4090,NVIDIA GeForce RTX 4090,linear-chain,16,30000,480000,GPU,6,0.001993464204
WarsawIQ_RTX4090,NVIDIA GeForce RTX 4090,branching-4x4,17,30000,510000,CPU,6,0.08860406876
WarsawIQ_RTX4090,NVIDIA GeForce RTX 4090,branching-4x4,17,30000,510000,GPU,6,0.002034005252
WarsawIQ_RTX4090,NVIDIA GeForce RTX 4090,linear-chain,16,40000,640000,CPU,6,0.1159076604
WarsawIQ_RTX4090,NVIDIA GeForce RTX 4090,linear-chain,16,40000,640000,GPU,6,0.002184354446
WarsawIQ_RTX4090,NVIDIA GeForce RTX 4090,branching-4x4,17,40000,680000,CPU,6,0.1198419831
WarsawIQ_RTX4090,NVIDIA GeForce RTX 4090,branching-4x4,17,40000,680000,GPU,6,0.002221288058
WarsawIQ_RTX4090,NVIDIA GeForce RTX 4090,linear-chain,16,50000,800000,CPU,6,0.1434554794
WarsawIQ_RTX4090,NVIDIA GeForce RTX 4090,linear-chain,16,50000,800000,GPU,6,0.002412861586
WarsawIQ_RTX4090,NVIDIA GeForce RTX 4090,branching-4x4,17,50000,850000,CPU,6,0.1497799787
WarsawIQ_RTX4090,NVIDIA GeForce RTX 4090,branching-4x4,17,50000,850000,GPU,6,0.002447235042
WarsawIQ_RTX4090,NVIDIA GeForce RTX 4090,linear-chain,16,100,1600,CPU,7,6.331454608e-05
WarsawIQ_RTX4090,NVIDIA GeForce RTX 4090,linear-chain,16,100,1600,GPU,7,0.0006294017037
WarsawIQ_RTX4090,NVIDIA GeForce RTX 4090,branching-4x4,17,100,1700,CPU,7,6.379859877e-05
WarsawIQ_RTX4090,NVIDIA GeForce RTX 4090,branching-4x4,17,100,1700,GPU,7,0.0006338846825
WarsawIQ_RTX4090,NVIDIA GeForce RTX 4090,linear-chain,16,500,8000,CPU,7,0.0003410663988
WarsawIQ_RTX4090,NVIDIA GeForce RTX 4090,linear-chain,16,500,8000,GPU,7,0.000656292623
WarsawIQ_RTX4090,NVIDIA GeForce RTX 4090,branching-4x4,17,500,8500,CPU,7,0.0003358046923
WarsawIQ_RTX4090,NVIDIA GeForce RTX 4090,branching-4x4,17,500,8500,GPU,7,0.0006786500414
WarsawIQ_RTX4090,NVIDIA GeForce RTX 4090,linear-chain,16,1000,16000,CPU,7,0.0006963644709
WarsawIQ_RTX4090,NVIDIA GeForce RTX 4090,linear-chain,16,1000,16000,GPU,7,0.0006860105764
WarsawIQ_RTX4090,NVIDIA GeForce RTX 4090,branching-4x4,17,1000,17000,CPU,7,0.0006748430786
WarsawIQ_RTX4090,NVIDIA GeForce RTX 4090,branching-4x4,17,1000,17000,GPU,7,0.0006520959593
WarsawIQ_RTX4090,NVIDIA GeForce RTX 4090,linear-chain,16,2000,32000,CPU,7,0.001818697935
WarsawIQ_RTX4090,NVIDIA GeForce RTX 4090,linear-chain,16,2000,32000,GPU,7,0.0007385224104
WarsawIQ_RTX4090,NVIDIA GeForce RTX 4090,branching-4x4,17,2000,34000,CPU,7,0.001899037049
WarsawIQ_RTX4090,NVIDIA GeForce RTX 4090,branching-4x4,17,2000,34000,GPU,7,0.0007486406536
WarsawIQ_RTX4090,NVIDIA GeForce RTX 4090,linear-chain,16,3000,48000,CPU,7,0.005168817725
WarsawIQ_RTX4090,NVIDIA GeForce RTX 4090,linear-chain,16,3000,48000,GPU,7,0.0007986097109
WarsawIQ_RTX4090,NVIDIA GeForce RTX 4090,branching-4x4,17,3000,51000,CPU,7,0.005782714912
WarsawIQ_RTX4090,NVIDIA GeForce RTX 4090,branching-4x4,17,3000,51000,GPU,7,0.0009276774668
WarsawIQ_RTX4090,NVIDIA GeForce RTX 4090,linear-chain,16,5000,80000,CPU,7,0.01265531887
WarsawIQ_RTX4090,NVIDIA GeForce RTX 4090,linear-chain,16,5000,80000,GPU,7,0.001574464684
WarsawIQ_RTX4090,NVIDIA GeForce RTX 4090,branching-4x4,17,5000,85000,CPU,7,0.01354663264
WarsawIQ_RTX4090,NVIDIA GeForce RTX 4090,branching-4x4,17,5000,85000,GPU,7,0.001612495834
WarsawIQ_RTX4090,NVIDIA GeForce RTX 4090,linear-chain,16,7000,112000,CPU,7,0.01865695823
WarsawIQ_RTX4090,NVIDIA GeForce RTX 4090,linear-chain,16,7000,112000,GPU,7,0.001597110927
WarsawIQ_RTX4090,NVIDIA GeForce RTX 4090,branching-4x4,17,7000,119000,CPU,7,0.01941919327
WarsawIQ_RTX4090,NVIDIA GeForce RTX 4090,branching-4x4,17,7000,119000,GPU,7,0.001697599481
WarsawIQ_RTX4090,NVIDIA GeForce RTX 4090,linear-chain,16,10000,160000,CPU,7,0.0281723651
WarsawIQ_RTX4090,NVIDIA GeForce RTX 4090,linear-chain,16,10000,160000,GPU,7,0.001649354398
WarsawIQ_RTX4090,NVIDIA GeForce RTX 4090,branching-4x4,17,10000,170000,CPU,7,0.02842601429
WarsawIQ_RTX4090,NVIDIA GeForce RTX 4090,branching-4x4,17,10000,170000,GPU,7,0.001701400632
WarsawIQ_RTX4090,NVIDIA GeForce RTX 4090,linear-chain,16,15000,240000,CPU,7,0.04204592271
WarsawIQ_RTX4090,NVIDIA GeForce RTX 4090,linear-chain,16,15000,240000,GPU,7,0.00177075172
WarsawIQ_RTX4090,NVIDIA GeForce RTX 4090,branching-4x4,17,15000,255000,CPU,7,0.04327544733
WarsawIQ_RTX4090,NVIDIA GeForce RTX 4090,branching-4x4,17,15000,255000,GPU,7,0.00182273117
WarsawIQ_RTX4090,NVIDIA GeForce RTX 4090,linear-chain,16,20000,320000,CPU,7,0.05899707187
WarsawIQ_RTX4090,NVIDIA GeForce RTX 4090,linear-chain,16,20000,320000,GPU,7,0.001795188676
WarsawIQ_RTX4090,NVIDIA GeForce RTX 4090,branching-4x4,17,20000,340000,CPU,7,0.06119847731
WarsawIQ_RTX4090,NVIDIA GeForce RTX 4090,branching-4x4,17,20000,340000,GPU,7,0.001833883605
WarsawIQ_RTX4090,NVIDIA GeForce RTX 4090,linear-chain,16,30000,480000,CPU,7,0.08388232318
WarsawIQ_RTX4090,NVIDIA GeForce RTX 4090,linear-chain,16,30000,480000,GPU,7,0.001990255307
WarsawIQ_RTX4090,NVIDIA GeForce RTX 4090,branching-4x4,17,30000,510000,CPU,7,0.09091359919
WarsawIQ_RTX4090,NVIDIA GeForce RTX 4090,branching-4x4,17,30000,510000,GPU,7,0.001997946203
WarsawIQ_RTX4090,NVIDIA GeForce RTX 4090,linear-chain,16,40000,640000,CPU,7,0.1138832699
WarsawIQ_RTX4090,NVIDIA GeForce RTX 4090,linear-chain,16,40000,640000,GPU,7,0.002170227468
WarsawIQ_RTX4090,NVIDIA GeForce RTX 4090,branching-4x4,17,40000,680000,CPU,7,0.1200019663
WarsawIQ_RTX4090,NVIDIA GeForce RTX 4090,branching-4x4,17,40000,680000,GPU,7,0.002230239998
WarsawIQ_RTX4090,NVIDIA GeForce RTX 4090,linear-chain,16,50000,800000,CPU,7,0.1452348016
WarsawIQ_RTX4090,NVIDIA GeForce RTX 4090,linear-chain,16,50000,800000,GPU,7,0.002443514629
WarsawIQ_RTX4090,NVIDIA GeForce RTX 4090,branching-4x4,17,50000,850000,CPU,7,0.1496906974
WarsawIQ_RTX4090,NVIDIA GeForce RTX 4090,branching-4x4,17,50000,850000,GPU,7,0.002443201975
WarsawIQ_RTX4090,NVIDIA GeForce RTX 4090,linear-chain,16,100,1600,CPU,8,6.371086818e-05
WarsawIQ_RTX4090,NVIDIA GeForce RTX 4090,linear-chain,16,100,1600,GPU,8,0.0006619340607
WarsawIQ_RTX4090,NVIDIA GeForce RTX 4090,branching-4x4,17,100,1700,CPU,8,6.188743615e-05
WarsawIQ_RTX4090,NVIDIA GeForce RTX 4090,branching-4x4,17,100,1700,GPU,8,0.0006385871342
WarsawIQ_RTX4090,NVIDIA GeForce RTX 4090,linear-chain,16,500,8000,CPU,8,0.0003477191641
WarsawIQ_RTX4090,NVIDIA GeForce RTX 4090,linear-chain,16,500,8000,GPU,8,0.0006987907347
WarsawIQ_RTX4090,NVIDIA GeForce RTX 4090,branching-4x4,17,500,8500,CPU,8,0.0003407965104
WarsawIQ_RTX4090,NVIDIA GeForce RTX 4090,branching-4x4,17,500,8500,GPU,8,0.000646772413
WarsawIQ_RTX4090,NVIDIA GeForce RTX 4090,linear-chain,16,1000,16000,CPU,8,0.0006982991383
WarsawIQ_RTX4090,NVIDIA GeForce RTX 4090,linear-chain,16,1000,16000,GPU,8,0.0006469036142
WarsawIQ_RTX4090,NVIDIA GeForce RTX 4090,branching-4x4,17,1000,17000,CPU,8,0.0006886315488
WarsawIQ_RTX4090,NVIDIA GeForce RTX 4090,branching-4x4,17,1000,17000,GPU,8,0.0006491766799
WarsawIQ_RTX4090,NVIDIA GeForce RTX 4090,linear-chain,16,2000,32000,CPU,8,0.002202556814
WarsawIQ_RTX4090,NVIDIA GeForce RTX 4090,linear-chain,16,2000,32000,GPU,8,0.0007525050924
WarsawIQ_RTX4090,NVIDIA GeForce RTX 4090,branching-4x4,17,2000,34000,CPU,8,0.002748548417
WarsawIQ_RTX4090,NVIDIA GeForce RTX 4090,branching-4x4,17,2000,34000,GPU,8,0.0007422246394
WarsawIQ_RTX4090,NVIDIA GeForce RTX 4090,linear-chain,16,3000,48000,CPU,8,0.006860618364
WarsawIQ_RTX4090,NVIDIA GeForce RTX 4090,linear-chain,16,3000,48000,GPU,8,0.0008401745842
WarsawIQ_RTX4090,NVIDIA GeForce RTX 4090,branching-4x4,17,3000,51000,CPU,8,0.009133438837
WarsawIQ_RTX4090,NVIDIA GeForce RTX 4090,branching-4x4,17,3000,51000,GPU,8,0.0008139828131
WarsawIQ_RTX4090,NVIDIA GeForce RTX 4090,linear-chain,16,5000,80000,CPU,8,0.01446410743
WarsawIQ_RTX4090,NVIDIA GeForce RTX 4090,linear-chain,16,5000,80000,GPU,8,0.001560314542
WarsawIQ_RTX4090,NVIDIA GeForce RTX 4090,branching-4x4,17,5000,85000,CPU,8,0.01359703649
WarsawIQ_RTX4090,NVIDIA GeForce RTX 4090,branching-4x4,17,5000,85000,GPU,8,0.001567973603
WarsawIQ_RTX4090,NVIDIA GeForce RTX 4090,linear-chain,16,7000,112000,CPU,8,0.01880674796
WarsawIQ_RTX4090,NVIDIA GeForce RTX 4090,linear-chain,16,7000,112000,GPU,8,0.00170582411
WarsawIQ_RTX4090,NVIDIA GeForce RTX 4090,branching-4x4,17,7000,119000,CPU,8,0.01973778768
WarsawIQ_RTX4090,NVIDIA GeForce RTX 4090,branching-4x4,17,7000,119000,GPU,8,0.001663752578
WarsawIQ_RTX4090,NVIDIA GeForce RTX 4090,linear-chain,16,10000,160000,CPU,8,0.02723864642
WarsawIQ_RTX4090,NVIDIA GeForce RTX 4090,linear-chain,16,10000,160000,GPU,8,0.001612639021
WarsawIQ_RTX4090,NVIDIA GeForce RTX 4090,branching-4x4,17,10000,170000,CPU,8,0.02836119045
WarsawIQ_RTX4090,NVIDIA GeForce RTX 4090,branching-4x4,17,10000,170000,GPU,8,0.001799446209
WarsawIQ_RTX4090,NVIDIA GeForce RTX 4090,linear-chain,16,15000,240000,CPU,8,0.04217316021
WarsawIQ_RTX4090,NVIDIA GeForce RTX 4090,linear-chain,16,15000,240000,GPU,8,0.001734676415
WarsawIQ_RTX4090,NVIDIA GeForce RTX 4090,branching-4x4,17,15000,255000,CPU,8,0.04483882731
WarsawIQ_RTX4090,NVIDIA GeForce RTX 4090,branching-4x4,17,15000,255000,GPU,8,0.001798776063
WarsawIQ_RTX4090,NVIDIA GeForce RTX 4090,linear-chain,16,20000,320000,CPU,8,0.05701808496
WarsawIQ_RTX4090,NVIDIA GeForce RTX 4090,linear-chain,16,20000,320000,GPU,8,0.00187983987
WarsawIQ_RTX4090,NVIDIA GeForce RTX 4090,branching-4x4,17,20000,340000,CPU,8,0.05891750076
WarsawIQ_RTX4090,NVIDIA GeForce RTX 4090,branching-4x4,17,20000,340000,GPU,8,0.001834486967
WarsawIQ_RTX4090,NVIDIA GeForce RTX 4090,linear-chain,16,30000,480000,CPU,8,0.08666940169
WarsawIQ_RTX4090,NVIDIA GeForce RTX 4090,linear-chain,16,30000,480000,GPU,8,0.002091355893
WarsawIQ_RTX4090,NVIDIA GeForce RTX 4090,branching-4x4,17,30000,510000,CPU,8,0.08972103812
WarsawIQ_RTX4090,NVIDIA GeForce RTX 4090,branching-4x4,17,30000,510000,GPU,8,0.001955315471
WarsawIQ_RTX4090,NVIDIA GeForce RTX 4090,linear-chain,16,40000,640000,CPU,8,0.1202446417
WarsawIQ_RTX4090,NVIDIA GeForce RTX 4090,linear-chain,16,40000,640000,GPU,8,0.002181158147
WarsawIQ_RTX4090,NVIDIA GeForce RTX 4090,branching-4x4,17,40000,680000,CPU,8,0.1194412925
WarsawIQ_RTX4090,NVIDIA GeForce RTX 4090,branching-4x4,17,40000,680000,GPU,8,0.002184962007
WarsawIQ_RTX4090,NVIDIA GeForce RTX 4090,linear-chain,16,50000,800000,CPU,8,0.1434822949
WarsawIQ_RTX4090,NVIDIA GeForce RTX 4090,linear-chain,16,50000,800000,GPU,8,0.002418546514
WarsawIQ_RTX4090,NVIDIA GeForce RTX 4090,branching-4x4,17,50000,850000,CPU,8,0.1485658299
WarsawIQ_RTX4090,NVIDIA GeForce RTX 4090,branching-4x4,17,50000,850000,GPU,8,0.002239490775
WarsawIQ_RTX4090,NVIDIA GeForce RTX 4090,linear-chain,16,100,1600,CPU,9,6.283903938e-05
WarsawIQ_RTX4090,NVIDIA GeForce RTX 4090,linear-chain,16,100,1600,GPU,9,0.000703060556
WarsawIQ_RTX4090,NVIDIA GeForce RTX 4090,branching-4x4,17,100,1700,CPU,9,6.080158942e-05
WarsawIQ_RTX4090,NVIDIA GeForce RTX 4090,branching-4x4,17,100,1700,GPU,9,0.0006303004566
WarsawIQ_RTX4090,NVIDIA GeForce RTX 4090,linear-chain,16,500,8000,CPU,9,0.0003447310556
WarsawIQ_RTX4090,NVIDIA GeForce RTX 4090,linear-chain,16,500,8000,GPU,9,0.0006432487142
WarsawIQ_RTX4090,NVIDIA GeForce RTX 4090,branching-4x4,17,500,8500,CPU,9,0.0003346662791
WarsawIQ_RTX4090,NVIDIA GeForce RTX 4090,branching-4x4,17,500,8500,GPU,9,0.0006339208711
WarsawIQ_RTX4090,NVIDIA GeForce RTX 4090,linear-chain,16,1000,16000,CPU,9,0.0006950232245
WarsawIQ_RTX4090,NVIDIA GeForce RTX 4090,linear-chain,16,1000,16000,GPU,9,0.0006402259781
WarsawIQ_RTX4090,NVIDIA GeForce RTX 4090,branching-4x4,17,1000,17000,CPU,9,0.0006761713397
WarsawIQ_RTX4090,NVIDIA GeForce RTX 4090,branching-4x4,17,1000,17000,GPU,9,0.0006498273639
WarsawIQ_RTX4090,NVIDIA GeForce RTX 4090,linear-chain,16,2000,32000,CPU,9,0.001789830554
WarsawIQ_RTX4090,NVIDIA GeForce RTX 4090,linear-chain,16,2000,32000,GPU,9,0.0007167365579
WarsawIQ_RTX4090,NVIDIA GeForce RTX 4090,branching-4x4,17,2000,34000,CPU,9,0.002291812499
WarsawIQ_RTX4090,NVIDIA GeForce RTX 4090,branching-4x4,17,2000,34000,GPU,9,0.0007732494246
WarsawIQ_RTX4090,NVIDIA GeForce RTX 4090,linear-chain,16,3000,48000,CPU,9,0.005288725808
WarsawIQ_RTX4090,NVIDIA GeForce RTX 4090,linear-chain,16,3000,48000,GPU,9,0.0008148002483
WarsawIQ_RTX4090,NVIDIA GeForce RTX 4090,branching-4x4,17,3000,51000,CPU,9,0.005691361427
WarsawIQ_RTX4090,NVIDIA GeForce RTX 4090,branching-4x4,17,3000,51000,GPU,9,0.0008096995098
WarsawIQ_RTX4090,NVIDIA GeForce RTX 4090,linear-chain,16,5000,80000,CPU,9,0.012668045
WarsawIQ_RTX4090,NVIDIA GeForce RTX 4090,linear-chain,16,5000,80000,GPU,9,0.001647955044
WarsawIQ_RTX4090,NVIDIA GeForce RTX 4090,branching-4x4,17,5000,85000,CPU,9,0.01320814978
WarsawIQ_RTX4090,NVIDIA GeForce RTX 4090,branching-4x4,17,5000,85000,GPU,9,0.001636644656
WarsawIQ_RTX4090,NVIDIA GeForce RTX 4090,linear-chain,16,7000,112000,CPU,9,0.01872205951
WarsawIQ_RTX4090,NVIDIA GeForce RTX 4090,linear-chain,16,7000,112000,GPU,9,0.001581132141
WarsawIQ_RTX4090,NVIDIA GeForce RTX 4090,branching-4x4,17,7000,119000,CPU,9,0.01933980422
WarsawIQ_RTX4090,NVIDIA GeForce RTX 4090,branching-4x4,17,7000,119000,GPU,9,0.001643482528
WarsawIQ_RTX4090,NVIDIA GeForce RTX 4090,linear-chain,16,10000,160000,CPU,9,0.02711268338
WarsawIQ_RTX4090,NVIDIA GeForce RTX 4090,linear-chain,16,10000,160000,GPU,9,0.001696036621
WarsawIQ_RTX4090,NVIDIA GeForce RTX 4090,branching-4x4,17,10000,170000,CPU,9,0.02825798121
WarsawIQ_RTX4090,NVIDIA GeForce RTX 4090,branching-4x4,17,10000,170000,GPU,9,0.001664012806
WarsawIQ_RTX4090,NVIDIA GeForce RTX 4090,linear-chain,16,15000,240000,CPU,9,0.04183707671
WarsawIQ_RTX4090,NVIDIA GeForce RTX 4090,linear-chain,16,15000,240000,GPU,9,0.001745957813
WarsawIQ_RTX4090,NVIDIA GeForce RTX 4090,branching-4x4,17,15000,255000,CPU,9,0.04358814846
WarsawIQ_RTX4090,NVIDIA GeForce RTX 4090,branching-4x4,17,15000,255000,GPU,9,0.001780590144
WarsawIQ_RTX4090,NVIDIA GeForce RTX 4090,linear-chain,16,20000,320000,CPU,9,0.05611263188
WarsawIQ_RTX4090,NVIDIA GeForce RTX 4090,linear-chain,16,20000,320000,GPU,9,0.001827899841
WarsawIQ_RTX4090,NVIDIA GeForce RTX 4090,branching-4x4,17,20000,340000,CPU,9,0.05788594159
WarsawIQ_RTX4090,NVIDIA GeForce RTX 4090,branching-4x4,17,20000,340000,GPU,9,0.001856886257
WarsawIQ_RTX4090,NVIDIA GeForce RTX 4090,linear-chain,16,30000,480000,CPU,9,0.08557951667
WarsawIQ_RTX4090,NVIDIA GeForce RTX 4090,linear-chain,16,30000,480000,GPU,9,0.002028304203
WarsawIQ_RTX4090,NVIDIA GeForce RTX 4090,branching-4x4,17,30000,510000,CPU,9,0.0904967308
WarsawIQ_RTX4090,NVIDIA GeForce RTX 4090,branching-4x4,17,30000,510000,GPU,9,0.001960205219
WarsawIQ_RTX4090,NVIDIA GeForce RTX 4090,linear-chain,16,40000,640000,CPU,9,0.1142346295
WarsawIQ_RTX4090,NVIDIA GeForce RTX 4090,linear-chain,16,40000,640000,GPU,9,0.002158616348
WarsawIQ_RTX4090,NVIDIA GeForce RTX 4090,branching-4x4,17,40000,680000,CPU,9,0.1205632296
WarsawIQ_RTX4090,NVIDIA GeForce RTX 4090,branching-4x4,17,40000,680000,GPU,9,0.002291014791
WarsawIQ_RTX4090,NVIDIA GeForce RTX 4090,linear-chain,16,50000,800000,CPU,9,0.1439820203
WarsawIQ_RTX4090,NVIDIA GeForce RTX 4090,linear-chain,16,50000,800000,GPU,9,0.002357606725
WarsawIQ_RTX4090,NVIDIA GeForce RTX 4090,branching-4x4,17,50000,850000,CPU,9,0.1497981505
WarsawIQ_RTX4090,NVIDIA GeForce RTX 4090,branching-4x4,17,50000,850000,GPU,9,0.002430531924
WarsawIQ_RTX4090,NVIDIA GeForce RTX 4090,linear-chain,16,100,1600,CPU,10,6.343367997e-05
WarsawIQ_RTX4090,NVIDIA GeForce RTX 4090,linear-chain,16,100,1600,GPU,10,0.0006632379833
WarsawIQ_RTX4090,NVIDIA GeForce RTX 4090,branching-4x4,17,100,1700,CPU,10,6.09232911e-05
WarsawIQ_RTX4090,NVIDIA GeForce RTX 4090,branching-4x4,17,100,1700,GPU,10,0.0006817176228
WarsawIQ_RTX4090,NVIDIA GeForce RTX 4090,linear-chain,16,500,8000,CPU,10,0.0003462303962
WarsawIQ_RTX4090,NVIDIA GeForce RTX 4090,linear-chain,16,500,8000,GPU,10,0.0006456387894
WarsawIQ_RTX4090,NVIDIA GeForce RTX 4090,branching-4x4,17,500,8500,CPU,10,0.0003347959547
WarsawIQ_RTX4090,NVIDIA GeForce RTX 4090,branching-4x4,17,500,8500,GPU,10,0.0006386606466
WarsawIQ_RTX4090,NVIDIA GeForce RTX 4090,linear-chain,16,1000,16000,CPU,10,0.0007210077274
WarsawIQ_RTX4090,NVIDIA GeForce RTX 4090,linear-chain,16,1000,16000,GPU,10,0.0006410454001
WarsawIQ_RTX4090,NVIDIA GeForce RTX 4090,branching-4x4,17,1000,17000,CPU,10,0.0006738411529
WarsawIQ_RTX4090,NVIDIA GeForce RTX 4090,branching-4x4,17,1000,17000,GPU,10,0.000650530273
WarsawIQ_RTX4090,NVIDIA GeForce RTX 4090,linear-chain,16,2000,32000,CPU,10,0.00176014957
WarsawIQ_RTX4090,NVIDIA GeForce RTX 4090,linear-chain,16,2000,32000,GPU,10,0.0007681740182
WarsawIQ_RTX4090,NVIDIA GeForce RTX 4090,branching-4x4,17,2000,34000,CPU,10,0.002142983391
WarsawIQ_RTX4090,NVIDIA GeForce RTX 4090,branching-4x4,17,2000,34000,GPU,10,0.0007562065408
WarsawIQ_RTX4090,NVIDIA GeForce RTX 4090,linear-chain,16,3000,48000,CPU,10,0.005266139621
WarsawIQ_RTX4090,NVIDIA GeForce RTX 4090,linear-chain,16,3000,48000,GPU,10,0.0008560718525
WarsawIQ_RTX4090,NVIDIA GeForce RTX 4090,branching-4x4,17,3000,51000,CPU,10,0.006151946386
WarsawIQ_RTX4090,NVIDIA GeForce RTX 4090,branching-4x4,17,3000,51000,GPU,10,0.0008458751298
WarsawIQ_RTX4090,NVIDIA GeForce RTX 4090,linear-chain,16,5000,80000,CPU,10,0.01266063777
WarsawIQ_RTX4090,NVIDIA GeForce RTX 4090,linear-chain,16,5000,80000,GPU,10,0.001626316932
WarsawIQ_RTX4090,NVIDIA GeForce RTX 4090,branching-4x4,17,5000,85000,CPU,10,0.01337255348
WarsawIQ_RTX4090,NVIDIA GeForce RTX 4090,branching-4x4,17,5000,85000,GPU,10,0.001542864875
WarsawIQ_RTX4090,NVIDIA GeForce RTX 4090,linear-chain,16,7000,112000,CPU,10,0.01845658042
WarsawIQ_RTX4090,NVIDIA GeForce RTX 4090,linear-chain,16,7000,112000,GPU,10,0.001614787226
WarsawIQ_RTX4090,NVIDIA GeForce RTX 4090,branching-4x4,17,7000,119000,CPU,10,0.01924092119
WarsawIQ_RTX4090,NVIDIA GeForce RTX 4090,branching-4x4,17,7000,119000,GPU,10,0.001587883586
WarsawIQ_RTX4090,NVIDIA GeForce RTX 4090,linear-chain,16,10000,160000,CPU,10,0.02717045871
WarsawIQ_RTX4090,NVIDIA GeForce RTX 4090,linear-chain,16,10000,160000,GPU,10,0.001694791154
WarsawIQ_RTX4090,NVIDIA GeForce RTX 4090,branching-4x4,17,10000,170000,CPU,10,0.02809570269
WarsawIQ_RTX4090,NVIDIA GeForce RTX 4090,branching-4x4,17,10000,170000,GPU,10,0.001672245427
WarsawIQ_RTX4090,NVIDIA GeForce RTX 4090,linear-chain,16,15000,240000,CPU,10,0.04167256355
WarsawIQ_RTX4090,NVIDIA GeForce RTX 4090,linear-chain,16,15000,240000,GPU,10,0.001775322177
WarsawIQ_RTX4090,NVIDIA GeForce RTX 4090,branching-4x4,17,15000,255000,CPU,10,0.04321202365
WarsawIQ_RTX4090,NVIDIA GeForce RTX 4090,branching-4x4,17,15000,255000,GPU,10,0.001804136417
WarsawIQ_RTX4090,NVIDIA GeForce RTX 4090,linear-chain,16,20000,320000,CPU,10,0.05617255731
WarsawIQ_RTX4090,NVIDIA GeForce RTX 4090,linear-chain,16,20000,320000,GPU,10,0.001861626181
WarsawIQ_RTX4090,NVIDIA GeForce RTX 4090,branching-4x4,17,20000,340000,CPU,10,0.05884860212
WarsawIQ_RTX4090,NVIDIA GeForce RTX 4090,branching-4x4,17,20000,340000,GPU,10,0.001897285201
WarsawIQ_RTX4090,NVIDIA GeForce RTX 4090,linear-chain,16,30000,480000,CPU,10,0.08536267714
WarsawIQ_RTX4090,NVIDIA GeForce RTX 4090,linear-chain,16,30000,480000,GPU,10,0.001935063573
WarsawIQ_RTX4090,NVIDIA GeForce RTX 4090,branching-4x4,17,30000,510000,CPU,10,0.08932021748
WarsawIQ_RTX4090,NVIDIA GeForce RTX 4090,branching-4x4,17,30000,510000,GPU,10,0.001966667582
WarsawIQ_RTX4090,NVIDIA GeForce RTX 4090,linear-chain,16,40000,640000,CPU,10,0.1138942025
WarsawIQ_RTX4090,NVIDIA GeForce RTX 4090,linear-chain,16,40000,640000,GPU,10,0.002267262611
WarsawIQ_RTX4090,NVIDIA GeForce RTX 4090,branching-4x4,17,40000,680000,CPU,10,0.1195615075
WarsawIQ_RTX4090,NVIDIA GeForce RTX 4090,branching-4x4,17,40000,680000,GPU,10,0.002256166393
WarsawIQ_RTX4090,NVIDIA GeForce RTX 4090,linear-chain,16,50000,800000,CPU,10,0.1439004811
WarsawIQ_RTX4090,NVIDIA GeForce RTX 4090,linear-chain,16,50000,800000,GPU,10,0.002400703593
WarsawIQ_RTX4090,NVIDIA GeForce RTX 4090,branching-4x4,17,50000,850000,CPU,10,0.148457059
WarsawIQ_RTX4090,NVIDIA GeForce RTX 4090,branching-4x4,17,50000,850000,GPU,10,0.002473510937
